ID,Commodity,Month/Year,Month,Year,Average Price,Month-on-Month,Year-on-Year,Lowest State,Lowest Price,Highest State,Highest Price
1001,Agric eggs medium size,Jan-22,January,2022,644.33,1.44,26.13,Borno ,417.03,Bayelsa ,809.33
1002,Agric eggs(medium size price of one),Jan-22,January,2022,58.28,0.83,26.12,Taraba ,42.18,Lagos ,74.21
1003,"Beans brown,sold loose",Jan-22,January,2022,498.85,0.81,47.99,Bauchi ,237.63,Ebonyi ,872.45
1004,Beans:white black eye. sold loose,Jan-22,January,2022,481.47,0.14,51.92,Bauchi ,242.04,Ebonyi ,816.41
1005,Beef Bone in,Jan-22,January,2022,1415.77,2.15,29.67,Bauchi ,985.95,Abuja ,1890.83
1006,"Beef,boneless",Jan-22,January,2022,1864.7,0.99,31.21,Gombe ,1263.14,Abuja ,2520
1007,Bread sliced 500g,Jan-22,January,2022,418.65,2.62,27.65,Bauchi ,249.01,Abuja ,625
1008,Bread unsliced 500g,Jan-22,January,2022,383.51,3.08,25.03,Plateau ,245.18,Abuja ,666.67
1009,Broken Rice (Ofada),Jan-22,January,2022,486.7,1.35,4.52,Nassarawa ,329.06,Lagos ,851.52
1010,Catfish (obokun) fresh,Jan-22,January,2022,1381.44,7.56,29.16,Yobe ,738.41,Rivers ,4681.94
1011,Catfish :dried,Jan-22,January,2022,2055.6,4.15,19.08,Kogi ,1321.54,Kebbi ,3538.96
1012,Catfish Smoked,Jan-22,January,2022,1685.98,0.76,9.73,Kogi ,1336.42,Abia ,2282.83
1013,Chicken Feet,Jan-22,January,2022,897.62,1.55,23.01,Taraba ,312.57,Ogun ,1550
1014,Chicken Wings,Jan-22,January,2022,1209.62,1.01,25.03,Adamawa ,500.7,Edo ,2077.78
1015,Dried Fish Sardine,Jan-22,January,2022,1664.33,1.02,12.47,Oyo ,1256.67,Abia ,2537.23
1016,Evaporated tinned milk carnation 170g,Jan-22,January,2022,201.61,1.15,18.86,Anambra ,125.75,Edo ,272
1017,"Evaporated tinned milk(peak), 170g",Jan-22,January,2022,239.21,1.01,21.19,Benue ,175.61,Edo ,300
1018,Frozen chicken,Jan-22,January,2022,2275.78,1.16,18.07,Taraba ,1393.04,Abuja ,3417
1019,"Gari white,sold loose",Jan-22,January,2022,307.53,2.68,26.16,Borno ,228.83,Ebonyi ,443.88
1020,"Gari yellow,sold loose",Jan-22,January,2022,336.33,-0.11,26.65,Kwara ,239.91,Lagos ,488.12
1021,"Groundnut oil: 1 bottle, specify bottle",Jan-22,January,2022,941.1,1.89,39.96,Kogi ,512.95,Ekiti ,1400
1022,Iced Sardine,Jan-22,January,2022,1275.9,2.07,24.97,Bauchi ,870.3,Edo ,2194.64
1023,Irish potato,Jan-22,January,2022,429.8,3.61,32.2,Niger ,164.94,Ebonyi ,887.5
1024,Mackerel : frozen,Jan-22,January,2022,1381.84,4.51,34.01,Bauchi ,919.82,Kano ,3000
1025,Maize grain white sold loose,Jan-22,January,2022,280.66,1.01,33.18,Adamawa ,163.69,Bayelsa ,459.16
1026,Maize grain yellow sold loose,Jan-22,January,2022,280.44,2.21,30.63,Adamawa ,157.95,Abia ,451.6
1027,Mudfish (aro) fresh,Jan-22,January,2022,1256.25,0.99,22.76,Bauchi ,730.68,Abuja ,1909.5
1028,Mudfish : dried,Jan-22,January,2022,2305.65,19.59,31.14,Bauchi ,1307.2,Kebbi ,14433.33
1029,Onion bulb,Jan-22,January,2022,368.1,5.27,3.32,Benue ,133.39,Cross_River ,805.79
1030,"Palm oil: 1 bottle,specify bottle",Jan-22,January,2022,805.45,1.24,42.73,Kwara ,452.49,Enugu ,1104.35
1031,Plantain(ripe),Jan-22,January,2022,288.51,1.01,25.27,Gombe ,138.53,Edo ,455.41
1032,Plantain(unripe),Jan-22,January,2022,262.51,0.52,23.62,Adamawa ,172.9,Anambra ,392.46
1033,Rice agric sold loose,Jan-22,January,2022,480.53,0.86,7.09,Jigawa ,348.57,Akwa_Ibom ,668.98
1034,Rice local sold loose,Jan-22,January,2022,430.21,1.32,7.18,Kebbi ,321.7,Bayelsa ,587.98
1035,Rice Medium Grained,Jan-22,January,2022,477.33,0.06,7.95,Kebbi ,306.67,Bayelsa ,669.63
1036,"Rice,imported high quality sold loose",Jan-22,January,2022,579.16,1.32,5,Kano ,400.91,Rivers ,788.7
1037,Sweet potato,Jan-22,January,2022,217.78,1.56,46.83,Bauchi ,123.7,Akwa_Ibom ,384.61
1038,Tilapia fish (epiya) fresh,Jan-22,January,2022,1124.04,0.64,29.4,Bauchi ,452.39,Abuja ,2011.77
1039,Titus:frozen,Jan-22,January,2022,1450.73,-0.88,35.98,Adamawa ,851.77,Abuja ,2213.81
1040,Tomato,Jan-22,January,2022,367.01,2.8,26.7,Niger ,129.75,Abia ,686.32
1041,"Vegetable oil:1 bottle,specify bottle",Jan-22,January,2022,920.76,2.72,40.62,Niger ,500.86,Abuja ,1266.67
1042,Wheat flour: prepacked (golden penny 2kg),Jan-22,January,2022,974.87,0.77,28.61,Niger ,702.09,Abuja ,1306.5
1043,Yam tuber,Jan-22,January,2022,331.24,0.76,41.15,Taraba ,128.35,Ekiti ,664.61
1001,Agric eggs medium size,Feb-22,February,2022,654.9,1.64,26.36,Borno ,427.04,Bayelsa ,824.29
1002,Agric eggs(medium size price of one),Feb-22,February,2022,59.82,2.65,26.34,Borno ,43.4,Ekiti ,74.33
1003,"Beans brown,sold loose",Feb-22,February,2022,509.65,2.16,44.92,Bauchi ,243.67,Ebonyi ,880.59
1004,Beans:white black eye. sold loose,Feb-22,February,2022,497.54,3.34,50.1,Bauchi ,248.19,Enugu ,825.86
1005,Beef Bone in,Feb-22,February,2022,1440.7,1.76,29.4,Bauchi ,1011,Abuja ,1896.54
1006,"Beef,boneless",Feb-22,February,2022,1919.52,2.94,33.68,Gombe ,1287.01,Abuja ,2550
1007,Bread sliced 500g,Feb-22,February,2022,438.03,4.63,34.11,Gombe ,255.2,Abuja ,630.33
1008,Bread unsliced 500g,Feb-22,February,2022,400.83,4.52,30.11,Borno ,251.82,Abuja ,670
1009,Broken Rice (Ofada),Feb-22,February,2022,496.57,2.03,7.38,Nasarawa ,345.52,Lagos ,855.88
1010,Catfish (obokun) fresh,Feb-22,February,2022,1330.07,-3.72,23.92,Yobe ,752.44,Abia ,2119.89
1011,Catfish :dried,Feb-22,February,2022,2050.31,-0.26,18.61,Kogi ,1366.47,Abuja ,3603.33
1012,Catfish Smoked,Feb-22,February,2022,1710.36,1.45,11.64,Adamawa ,1376.98,Abia ,2305.56
1013,Chicken Feet,Feb-22,February,2022,911.93,1.59,20.85,Taraba ,316.94,Ogun ,1533.33
1014,Chicken Wings,Feb-22,February,2022,1222.77,1.09,24.86,Adamawa ,516.96,Edo ,2181.82
1015,Dried Fish Sardine,Feb-22,February,2022,1703.59,2.36,12.62,Ondo ,1270.79,Abia ,2595.24
1016,Evaporated tinned milk carnation 170g,Feb-22,February,2022,205.13,1.75,19.02,Anambra ,125.83,Edo ,273
1017,"Evaporated tinned milk(peak), 170g",Feb-22,February,2022,245.28,2.54,25.66,Gombe ,183.79,Edo ,303.13
1018,Frozen chicken,Feb-22,February,2022,2351.31,3.32,22.52,Taraba ,1412.55,Abuja ,3486.67
1019,"Gari white,sold loose",Feb-22,February,2022,313.27,1.87,20.68,Borno ,234.32,Ebonyi ,447.57
1020,"Gari yellow,sold loose",Feb-22,February,2022,339.72,1.01,20.13,Borno ,246.07,Lagos ,490.3
1021,"Groundnut oil: 1 bottle, specify bottle",Feb-22,February,2022,971.01,3.18,43.46,Kogi ,530.39,Ekiti ,1410.78
1022,Iced Sardine,Feb-22,February,2022,1298.02,1.73,24.49,Bauchi ,892.4,Edo ,2203.83
1023,Irish potato,Feb-22,February,2022,430.54,0.17,34.86,Niger ,170.56,Ebonyi ,900.47
1024,Mackerel : frozen,Feb-22,February,2022,1372.65,-0.66,33.18,Bauchi ,943.19,Anambra ,2199.87
1025,Maize grain white sold loose,Feb-22,February,2022,287.6,2.47,29.05,Taraba ,169.9,Ebonyi ,450.12
1026,Maize grain yellow sold loose,Feb-22,February,2022,289.7,3.3,26.09,Adamawa ,164.41,Bayelsa ,466.93
1027,Mudfish (aro) fresh,Feb-22,February,2022,1282.31,2.07,23.52,Adamawa ,744.44,Abuja ,1950
1028,Mudfish : dried,Feb-22,February,2022,1983.75,-13.96,13.16,Gombe ,1336.41,Abia ,3226.19
1029,Onion bulb,Feb-22,February,2022,378.26,2.76,27,Benue ,137.39,Cross River ,861.23
1030,"Palm oil: 1 bottle,specify bottle",Feb-22,February,2022,825.51,2.49,41.11,Kwara ,465.16,Enugu ,1112.1
1031,Plantain(ripe),Feb-22,February,2022,292.54,1.4,23.42,Gombe ,141.15,Edo ,460.19
1032,Plantain(unripe),Feb-22,February,2022,268.52,2.29,21.46,Adamawa ,176.47,Anambra ,395.49
1033,Rice agric sold loose,Feb-22,February,2022,492.81,2.55,11.47,Jigawa ,360,Rivers ,668.45
1034,Rice local sold loose,Feb-22,February,2022,436.58,1.48,11.65,Yobe ,348.24,Rivers ,576.14
1035,Rice Medium Grained,Feb-22,February,2022,487.43,2.12,9.74,Adamawa ,323.97,Rivers ,690.91
1036,"Rice,imported high quality sold loose",Feb-22,February,2022,594.8,2.7,10.69,Borno ,418.91,Rivers ,799.63
1037,Sweet potato,Feb-22,February,2022,226.34,4.34,55.79,Bauchi ,126.84,Kebbi ,395.39
1038,Tilapia fish (epiya) fresh,Feb-22,February,2022,1144.68,1.84,28.44,Bauchi ,463.88,Abuja ,2155.38
1039,Titus:frozen,Feb-22,February,2022,1498.81,3.31,41.12,Adamawa ,856.67,Rivers ,2461.3
1040,Tomato,Feb-22,February,2022,393.08,7.1,46.03,Taraba ,133.39,Edo ,711.67
1041,"Vegetable oil:1 bottle,specify bottle",Feb-22,February,2022,950.46,3.23,42.41,Niger ,527.95,Abia ,1300.17
1042,Wheat flour: prepacked (golden penny 2kg),Feb-22,February,2022,1021.66,4.8,34.69,Niger ,726.04,Abia ,1355.71
1043,Yam tuber,Feb-22,February,2022,339.76,2.57,39.92,Taraba ,130.14,Ekiti ,670.07
1001,Agric eggs medium size,Mar-22,March,2022,668.96,2.15,27.55,Borno ,430.6,Bayelsa ,868.57
1002,Agric eggs(medium size price of one),Mar-22,March,2022,61.58,2.93,27.14,Adamawa ,45.67,Ekiti ,75
1003,"Beans brown,sold loose",Mar-22,March,2022,530.1,4.01,43.67,Bauchi ,248.52,Ebonyi ,893.69
1004,Beans:white black eye. sold loose,Mar-22,March,2022,505.94,1.69,46.64,Bauchi ,252.95,Ebonyi ,867.29
1005,Beef Bone in,Mar-22,March,2022,1496.47,3.87,32.65,Taraba ,1033.79,Abuja ,1902.7
1006,"Beef,boneless",Mar-22,March,2022,1955.9,1.75,34.33,Bayelsa ,1258.16,Abuja ,2600
1007,Bread sliced 500g,Mar-22,March,2022,447.8,2.23,34.98,Borno ,260.4,Abia ,650
1008,Bread unsliced 500g,Mar-22,March,2022,411.73,2.72,32.5,Borno ,253.33,Abuja ,677.5
1009,Broken Rice (Ofada),Mar-22,March,2022,505.01,1.7,8.3,Nasarawa ,358.08,Lagos ,802.89
1010,Catfish (obokun) fresh,Mar-22,March,2022,1341.04,0.82,23.62,Yobe ,759.22,Abia ,2121.59
1011,Catfish :dried,Mar-22,March,2022,2090.01,1.94,21.26,Adamawa ,1370.91,Abuja ,3667.95
1012,Catfish Smoked,Mar-22,March,2022,1733.69,1.36,13.15,Benue ,1343.33,Abia ,2479.89
1013,Chicken Feet,Mar-22,March,2022,919.11,0.79,20.02,Taraba ,300.26,Rivers ,1550
1014,Chicken Wings,Mar-22,March,2022,1238,1.25,24.76,Adamawa ,517,Edo ,2220
1015,Dried Fish Sardine,Mar-22,March,2022,1718.37,0.87,13.54,Ondo ,1275,Abia ,2650.46
1016,Evaporated tinned milk carnation 170g,Mar-22,March,2022,208.29,1.54,20.45,Anambra ,126.46,Edo ,275
1017,"Evaporated tinned milk(peak), 170g",Mar-22,March,2022,250.11,1.97,26.63,Gombe ,184.3,Edo ,304.29
1018,Frozen chicken,Mar-22,March,2022,2381.19,1.28,23.58,Taraba ,1423.85,Abuja ,3550
1019,"Gari white,sold loose",Mar-22,March,2022,317.33,1.3,15.8,Kwara ,241.85,Ebonyi ,450.27
1020,"Gari yellow,sold loose",Mar-22,March,2022,338.69,-0.3,15.85,Kwara ,248.35,Lagos ,492
1021,"Groundnut oil: 1 bottle, specify bottle",Mar-22,March,2022,994.62,2.43,46,Kogi ,535.16,Ekiti ,1415
1022,Iced Sardine,Mar-22,March,2022,1323.84,1.99,26.44,Bauchi ,898.65,Edo ,2281.53
1023,Irish potato,Mar-22,March,2022,443.28,2.96,40.26,Yobe ,177.93,Ebonyi ,951.25
1024,Mackerel : frozen,Mar-22,March,2022,1391.5,1.37,34.54,Bauchi ,949.79,Anambra ,2272.03
1025,Maize grain white sold loose,Mar-22,March,2022,297.43,3.42,27.15,Bauchi ,172.01,Abia ,456.5
1026,Maize grain yellow sold loose,Mar-22,March,2022,298.5,3.04,25.63,Borno ,171.18,Bayelsa ,481.08
1027,Mudfish (aro) fresh,Mar-22,March,2022,1292.46,0.79,23.89,Adamawa ,733.86,Abuja ,2000.46
1028,Mudfish : dried,Mar-22,March,2022,2030.02,2.33,15.61,Adamawa ,1331.11,Abia ,3365.99
1029,Onion bulb,Mar-22,March,2022,378.59,0.09,32.73,Borno ,141.76,Cross River ,872.23
1030,"Palm oil: 1 bottle,specify bottle",Mar-22,March,2022,842.23,2.03,45.67,Kwara ,488.42,Enugu ,1117.39
1031,Plantain(ripe),Mar-22,March,2022,302.3,3.34,24.34,Gombe ,163.97,Abuja ,462.01
1032,Plantain(unripe),Mar-22,March,2022,327.54,21.98,43.54,Adamawa ,174.02,Benue ,1980.63
1033,Rice agric sold loose,Mar-22,March,2022,500.15,1.49,12.84,Yobe ,366.85,Edo ,673.33
1034,Rice local sold loose,Mar-22,March,2022,441.8,1.2,12.15,Yobe ,351.38,Rivers ,578.51
1035,Rice Medium Grained,Mar-22,March,2022,488.58,0.24,10.2,Adamawa ,340.59,Rivers ,699.47
1036,"Rice,imported high quality sold loose",Mar-22,March,2022,607.68,2.16,11.66,Borno ,422.26,Rivers ,799.87
1037,Sweet potato,Mar-22,March,2022,228.05,3.15,49.51,Bauchi ,127.73,Bayelsa ,395.6
1038,Tilapia fish (epiya) fresh,Mar-22,March,2022,1161.34,1.46,27.36,Bauchi ,467.12,Abuja ,2200.58
1039,Titus:frozen,Mar-22,March,2022,1526.95,1.88,42.8,Adamawa ,858.37,Rivers ,2479.84
1040,Tomato,Mar-22,March,2022,409.96,4.29,53.29,Taraba ,134.46,Bayelsa ,753.83
1041,"Vegetable oil:1 bottle,specify bottle",Mar-22,March,2022,970.29,2.09,45.18,Gombe ,569.1,Abia ,1327.54
1042,Wheat flour: prepacked (golden penny 2kg),Mar-22,March,2022,1041.82,1.97,35.99,Yobe ,745.19,Abuja ,1375
1043,Yam tuber,Mar-22,March,2022,353.56,4.06,44.42,Taraba ,131.18,Ekiti ,675
1001,Agric eggs medium size,Apr-22,April,2022,678.91,1.49,28,Borno ,435.48,Bayelsa ,873.65
1002,Agric eggs(medium size price of one),Apr-22,April,2022,64,3.93,30.22,Adamawa ,46.6,Ekiti ,77
1003,"Beans brown,sold loose",Apr-22,April,2022,530.62,0.56,40.07,Bauchi ,249.51,Ebonyi ,894.49
1004,Beans:white black eye. sold loose,Apr-22,April,2022,519.05,2.59,44.32,Borno ,256.67,Ebonyi ,875.71
1005,Beef Bone in,Apr-22,April,2022,1508.08,0.78,31.67,Taraba ,1100,Abuja ,1940
1006,"Beef,boneless",Apr-22,April,2022,2026.85,2.22,36.83,Gombe ,1300,Akwa Ibom ,2790.39
1007,Bread sliced 500g,Apr-22,April,2022,450.51,0.61,35.31,Borno ,261.38,Ebonyi ,650
1008,Bread unsliced 500g,Apr-22,April,2022,412.25,0.13,34.65,Yobe ,253.67,Abuja ,680.33
1009,Broken Rice (Ofada),Apr-22,April,2022,513.5,1.68,8.75,Nasarawa ,316.9,Lagos ,804.92
1010,Catfish (obokun) fresh,Apr-22,April,2022,1379.18,2.84,25.65,Yobe ,763.01,Imo ,2466.15
1011,Catfish :dried,Apr-22,April,2022,2117.29,1.31,22,Adamawa ,1375.64,Ebonyi ,3866.67
1012,Catfish Smoked,Apr-22,April,2022,1751.46,1.02,13.76,Benue ,1351.66,Abia ,2500
1013,Chicken Feet,Apr-22,April,2022,932.42,1.45,18.93,Taraba ,320,Bayelsa ,1586.13
1014,Chicken Wings,Apr-22,April,2022,1250.07,0.97,24.57,Adamawa ,519.59,Edo ,2210
1015,Dried Fish Sardine,Apr-22,April,2022,1730.64,0.71,15.38,Ondo ,1277.04,Abia ,2682.54
1016,Evaporated tinned milk carnation 170g,Apr-22,April,2022,216.77,4.07,22.86,Anambra ,126.54,Ebonyi ,300
1017,"Evaporated tinned milk(peak), 170g",Apr-22,April,2022,253.85,1.49,27.44,Gombe ,185.59,Enugu ,342.73
1018,Frozen chicken,Apr-22,April,2022,2380.81,-0.02,23.47,Taraba ,1433.24,Abuja ,3557.5
1019,"Gari white,sold loose",Apr-22,April,2022,318.74,0.44,15.35,Kwara ,243.62,Ebonyi ,453.33
1020,"Gari yellow,sold loose",Apr-22,April,2022,335.19,-1.03,12.04,Cross River ,236.4,Lagos ,494.59
1021,"Groundnut oil: 1 bottle, specify bottle",Apr-22,April,2022,1007.68,1.31,46.21,Kogi ,539.44,Ebonyi ,1466.67
1022,Iced Sardine,Apr-22,April,2022,1337.7,1.05,26.31,Bauchi ,902.24,Edo ,2229.21
1023,Irish potato,Apr-22,April,2022,448.38,1.15,43.54,Yobe ,178.82,Ebonyi ,959.97
1024,Mackerel : frozen,Apr-22,April,2022,1414.15,1.63,34.23,Bauchi ,953.59,Anambra ,2280.88
1025,Maize grain white sold loose,Apr-22,April,2022,305.69,2.78,30.93,Bauchi ,180,Akwa Ibom ,500.32
1026,Maize grain yellow sold loose,Apr-22,April,2022,304.35,1.96,27.6,Borno ,171.83,Abia ,484.07
1027,Mudfish (aro) fresh,Apr-22,April,2022,1305.07,0.98,24.95,Adamawa ,737.53,Abuja ,2150
1028,Mudfish : dried,Apr-22,April,2022,2041.14,0.55,17.08,Adamawa ,1330.44,Abia ,3408.61
1029,Onion bulb,Apr-22,April,2022,380.94,0.62,29.2,Bauchi ,145,Cross River ,829.19
1030,"Palm oil: 1 bottle,specify bottle",Apr-22,April,2022,842.75,0.06,45.59,Kwara ,491.98,Imo ,1106.35
1031,Plantain(ripe),Apr-22,April,2022,306.75,1.47,21.24,Gombe ,165.12,Imo ,475.29
1032,Plantain(unripe),Apr-22,April,2022,337.47,3.03,38.66,Adamawa ,174.62,Benue ,1992.91
1033,Rice agric sold loose,Apr-22,April,2022,504.2,0.81,13.97,Yobe ,368.69,Akwa Ibom ,755.56
1034,Rice local sold loose,Apr-22,April,2022,440.26,-0.35,10.32,Jigawa ,351.85,Ondo ,573.03
1035,Rice Medium Grained,Apr-22,April,2022,494.88,1.29,12,Yobe ,341.67,Rivers ,690.65
1036,"Rice,imported high quality sold loose",Apr-22,April,2022,612.25,0.75,13.26,Borno ,423.86,Ebonyi ,799.64
1037,Sweet potato,Apr-22,April,2022,227.74,-0.14,44.36,Bauchi ,132,Edo ,386.31
1038,Tilapia fish (epiya) fresh,Apr-22,April,2022,1176.9,1.34,29.29,Bauchi ,470,Abuja ,2315
1039,Titus:frozen,Apr-22,April,2022,1554.35,1.79,42.44,Adamawa ,862.66,Rivers ,2432.84
1040,Tomato,Apr-22,April,2022,426.54,4.04,53.85,Taraba ,135.35,Akwa Ibom ,1103.72
1041,"Vegetable oil:1 bottle,specify bottle",Apr-22,April,2022,981.16,1.12,45.85,Gombe ,573.08,Abia ,1330.83
1042,Wheat flour: prepacked (golden penny 2kg),Apr-22,April,2022,1047.74,0.57,35.97,Yobe ,750,Abuja ,1380
1043,Yam tuber,Apr-22,April,2022,361.2,2.16,42.88,Bauchi ,133.28,Akwa Ibom ,695.93
1001,Agric eggs medium size,May-22,May,2022,689.61,1.58,27.34,Borno ,440.65,Delta ,896.84
1002,Agric eggs(medium size price of one),May-22,May,2022,65.65,2.58,31.32,Taraba ,49.31,Delta ,79.44
1003,"Beans brown,sold loose",May-22,May,2022,536.91,1.19,32.16,Bauchi ,265.97,Ebonyi ,903.02
1004,Beans:white black eye. sold loose,May-22,May,2022,524.7,1.09,37.22,Borno ,262.79,Ebonyi ,899.79
1005,Beef Bone in,May-22,May,2022,1522.75,0.97,29.81,Taraba ,1107.84,Abuja ,1966.67
1006,"Beef,boneless",May-22,May,2022,2029.59,0.14,34.11,Bauchi ,1375.56,Ebonyi ,2596.23
1007,Bread sliced 500g,May-22,May,2022,456.79,1.39,35.21,Borno ,265.3,Abia ,655.86
1008,Bread unsliced 500g,May-22,May,2022,421.64,2.28,35.66,Yobe ,255.37,Abuja ,700
1009,Broken Rice (Ofada),May-22,May,2022,515.04,0.3,9.55,Nassarawa ,318.66,Lagos ,806.33
1010,Catfish (obokun) fresh,May-22,May,2022,1389.7,0.76,24.52,Yobe ,768.12,Imo ,2500
1011,Catfish :dried,May-22,May,2022,2221.63,4.93,26.57,Adamawa ,1383.2,Jigawa ,5300.82
1012,Catfish Smoked,May-22,May,2022,1764.56,0.75,13.77,Benue ,1362.48,Abia ,2550.88
1013,Chicken Feet,May-22,May,2022,936.86,0.48,16.96,Taraba ,322.28,Rivers ,1579.17
1014,Chicken Wings,May-22,May,2022,1270.95,1.67,23.78,Adamawa ,522.44,Edo ,2288.89
1015,Dried Fish Sardine,May-22,May,2022,1752.79,1.28,15.68,Ondo ,1280.22,Abia ,2768.46
1016,Evaporated tinned milk carnation 170g,May-22,May,2022,221.2,2.04,25.05,Anambra ,126.61,Ebonyi ,300.24
1017,"Evaporated tinned milk(peak), 170g",May-22,May,2022,258.55,1.85,28.22,Gombe ,186.7,Enugu ,346
1018,Frozen chicken,May-22,May,2022,2415.53,1.46,24.2,Taraba ,1443.45,Enugu ,3787.5
1019,"Gari white,sold loose",May-22,May,2022,326.85,2.55,8.27,Kwara ,245.81,Ebonyi ,461.67
1020,"Gari yellow,sold loose",May-22,May,2022,344.69,2.84,8.16,Cross_River ,245.91,Imo ,499.4
1021,"Groundnut oil: 1 bottle, specify bottle",May-22,May,2022,1040.88,3.29,47.99,Kogi ,543.76,Anambra ,1733.33
1022,Iced Sardine,May-22,May,2022,1359.45,1.63,26.3,Bauchi ,908.29,Edo ,2340.91
1023,Irish potato,May-22,May,2022,460.07,2.61,39.3,Yobe ,180.02,Ebonyi ,1009.19
1024,Mackerel : frozen,May-22,May,2022,1430.9,1.18,32.04,Bauchi ,959.98,Abia ,2298.32
1025,Maize grain white sold loose,May-22,May,2022,314.75,2.96,26.48,Bauchi ,181.21,Bayelsa ,493.23
1026,Maize grain yellow sold loose,May-22,May,2022,312.51,2.68,21.94,Adamawa ,172.78,Abia ,490.92
1027,Mudfish (aro) fresh,May-22,May,2022,1310.34,0.4,23.17,Adamawa ,741.59,Abuja ,2200.34
1028,Mudfish : dried,May-22,May,2022,2049.54,0.41,15.8,Adamawa ,1337.76,Abia ,3499.29
1029,Onion bulb,May-22,May,2022,387.53,1.73,26.01,Bauchi ,145.97,Cross_River ,844.86
1030,"Palm oil: 1 bottle,specify bottle",May-22,May,2022,847.39,0.55,42.81,Kwara ,496.41,Imo ,1176.77
1031,Plantain(ripe),May-22,May,2022,315.84,2.96,18.89,Gombe ,166.11,Anambra ,503.32
1032,Plantain(unripe),May-22,May,2022,340.65,0.94,33,Adamawa ,175.58,Benue ,2008.85
1033,Rice agric sold loose,May-22,May,2022,507.18,0.59,13.91,Yobe ,371.16,Akwa_Ibom ,760
1034,Rice local sold loose,May-22,May,2022,447.51,1.65,12.5,Yobe ,355.5,Ondo ,575.76
1035,Rice Medium Grained,May-22,May,2022,496.98,0.42,12.57,Yobe ,343.96,Rivers ,693.36
1036,"Rice,imported high quality sold loose",May-22,May,2022,619.64,1.21,13.89,Borno ,430.22,Ebonyi ,800.67
1037,Sweet potato,May-22,May,2022,234.69,3.05,35.95,Bauchi ,132.88,Akwa_Ibom ,374.17
1038,Tilapia fish (epiya) fresh,May-22,May,2022,1182.76,0.5,27.52,Bauchi ,473.15,Abuja ,2337.49
1039,Titus:frozen,May-22,May,2022,1571.75,1.12,40.86,Adamawa ,867.4,Rivers ,2462.83
1040,Tomato,May-22,May,2022,423.48,-0.72,39.53,Taraba ,136.31,Edo ,773.91
1041,"Vegetable oil:1 bottle,specify bottle",May-22,May,2022,996.25,1.54,45.08,Gombe ,576.52,Abia ,1347.37
1042,Wheat flour: prepacked (golden penny 2kg),May-22,May,2022,1060.26,1.2,34.92,Yobe ,755.03,Abia ,1393
1043,Yam tuber,May-22,May,2022,372.23,3.05,37.87,Bauchi ,134.17,Akwa_Ibom ,804.45
1001,Agric eggs medium size,Jun-22,June,2022,704.19,2.11,26.31,Borno ,471.54,Rivers ,900.48
1002,Agric eggs(medium size price of one),Jun-22,June,2022,68.56,4.44,33.86,Plateau ,55,Delta ,80.13
1003,"Beans brown,sold loose",Jun-22,June,2022,551.4,2.7,16.61,Bauchi ,294.29,Ebonyi ,920.99
1004,Beans:white black eye. sold loose,Jun-22,June,2022,536.17,2.19,24.17,Bauchi ,295.25,Ebonyi ,899.52
1005,Beef Bone in,Jun-22,June,2022,1570.79,3.15,26.78,Taraba ,1192.86,Abuja ,1968.24
1006,"Beef,boneless",Jun-22,June,2022,2079.93,2.48,26.83,Bauchi ,1433.33,Edo ,2634.4
1007,Bread sliced 500g,Jun-22,June,2022,472.47,3.43,31.8,Plateau ,280,Rivers ,659.41
1008,Bread unsliced 500g,Jun-22,June,2022,434.5,3.05,32.98,Akwa_Ibom ,270.18,Abuja ,700.49
1009,Broken Rice (Ofada),Jun-22,June,2022,527.73,2.47,11.79,Nassarawa ,326.21,Lagos ,823.25
1010,Catfish (obokun) fresh,Jun-22,June,2022,1413.9,1.74,22.04,Taraba ,733.33,Imo ,2516.67
1011,Catfish :dried,Jun-22,June,2022,2156.64,-2.93,19.04,Adamawa ,1394.44,Ebonyi ,3970.13
1012,Catfish Smoked,Jun-22,June,2022,1782.48,1.02,13.34,Adamawa ,1400.2,Abia ,2552.92
1013,Chicken Feet,Jun-22,June,2022,971.6,3.71,19.82,Bauchi ,350,Enugu ,1725.5
1014,Chicken Wings,Jun-22,June,2022,1292.39,1.69,21.72,Adamawa ,520.1,Edo ,2340
1015,Dried Fish Sardine,Jun-22,June,2022,1778.74,1.48,14.37,Ondo ,1287.35,Enugu ,2800
1016,Evaporated tinned milk carnation 170g,Jun-22,June,2022,226.41,2.36,25.74,Anambra ,126.71,Ebonyi ,300.45
1017,"Evaporated tinned milk(peak), 170g",Jun-22,June,2022,266.77,3.18,28.45,Gombe ,202.86,Enugu ,347.54
1018,Frozen chicken,Jun-22,June,2022,2453.94,1.59,21.16,Taraba ,1500,Enugu ,3825
1019,"Gari white,sold loose",Jun-22,June,2022,332.53,1.74,2.55,Bauchi ,259.4,Ebonyi ,461.9
1020,"Gari yellow,sold loose",Jun-22,June,2022,353.95,2.69,2.93,Cross_River ,256.35,Lagos ,500.54
1021,"Groundnut oil: 1 bottle, specify bottle",Jun-22,June,2022,1062.9,2.12,42.07,Bauchi ,550.3,Anambra ,1734.55
1022,Iced Sardine,Jun-22,June,2022,1394.99,2.61,22.36,Bauchi ,1016.67,Edo ,2359.66
1023,Irish potato,Jun-22,June,2022,473.77,2.98,25.86,Kwara ,190.46,Ebonyi ,1010
1024,Mackerel : frozen,Jun-22,June,2022,1459.82,2.02,23.82,Taraba ,1000,Anambra ,2316.31
1025,Maize grain white sold loose,Jun-22,June,2022,324.32,3.04,22.66,Adamawa ,202.53,Lagos ,501.74
1026,Maize grain yellow sold loose,Jun-22,June,2022,321.04,2.73,17.13,Adamawa ,207.53,Abia ,493.89
1027,Mudfish (aro) fresh,Jun-22,June,2022,1336.31,1.98,19.15,Bauchi ,755.4,Abuja ,2215.75
1028,Mudfish : dried,Jun-22,June,2022,2086.98,1.83,15.68,Adamawa ,1333.33,Abia ,3516.79
1029,Onion bulb,Jun-22,June,2022,393.32,1.5,24.62,Bauchi ,142.59,Cross_River ,884.06
1030,"Palm oil: 1 bottle,specify bottle",Jun-22,June,2022,870.9,2.77,42.96,Kwara ,510.9,Imo ,1185.36
1031,Plantain(ripe),Jun-22,June,2022,325.92,3.19,13.01,Gombe ,182.3,Imo ,527.06
1032,Plantain(unripe),Jun-22,June,2022,302.93,-11.07,11.42,Gombe ,190.21,Imo ,484.24
1033,Rice agric sold loose,Jun-22,June,2022,510.02,0.56,13.48,Adamawa ,400.65,Akwa_Ibom ,780
1034,Rice local sold loose,Jun-22,June,2022,488.68,9.2,21.62,Jigawa ,374.24,Rivers ,613.5
1035,Rice Medium Grained,Jun-22,June,2022,511.94,3.01,14.37,Kebbi ,362.39,Rivers ,734.63
1036,"Rice,imported high quality sold loose",Jun-22,June,2022,636.2,2.67,13.74,Bauchi ,480.65,Rivers ,840.04
1037,Sweet potato,Jun-22,June,2022,247.91,5.63,28.52,Adamawa ,151.57,Akwa_Ibom ,379.79
1038,Tilapia fish (epiya) fresh,Jun-22,June,2022,1189.43,0.56,19.13,Bauchi ,440.24,Abuja ,2353.85
1039,Titus:frozen,Jun-22,June,2022,1604.47,2.08,23.22,Adamawa ,900.5,Rivers ,2563
1040,Tomato,Jun-22,June,2022,438.33,3.51,5.64,Taraba ,157.88,Edo ,779.55
1041,"Vegetable oil:1 bottle,specify bottle",Jun-22,June,2022,1018.26,2.21,42.82,Bauchi ,600,Abia ,1400
1042,Wheat flour: prepacked (golden penny 2kg),Jun-22,June,2022,1087.09,2.53,35.23,Yobe ,768.1,Abia ,1394.11
1043,Yam tuber,Jun-22,June,2022,384.48,3.29,30.64,Taraba ,139.64,Akwa_Ibom ,806.71
1001,Agric eggs medium size,Jul-22,July,2022,721.46,2.45,24.92,Borno ,501.43,Rivers ,910
1002,Agric eggs(medium size price of one),Jul-22,July,2022,71.04,3.61,34.72,Adamawa ,60,Delta ,82.33
1003,"Beans brown,sold loose",Jul-22,July,2022,562.55,2.02,15.89,Borno ,325.47,Ebonyi ,926.58
1004,Beans:white black eye. sold loose,Jul-22,July,2022,547.38,2.09,23.22,Borno ,317.73,Ebonyi ,900.51
1005,Beef Bone in,Jul-22,July,2022,1589.18,1.17,25.92,Taraba ,1202.4,Abuja ,1972.59
1006,"Beef,boneless",Jul-22,July,2022,2118.84,1.87,27.58,Taraba ,1500,Edo ,2710.43
1007,Bread sliced 500g,Jul-22,July,2022,486.27,2.92,34.66,Plateau ,296.25,Abia ,672.03
1008,Bread unsliced 500g,Jul-22,July,2022,447.16,2.91,33.21,Akwa_Ibom ,275,Abuja ,726.67
1009,Broken Rice (Ofada),Jul-22,July,2022,535.84,1.54,12.32,Nassarawa ,368.69,Lagos ,881.21
1010,Catfish (obokun) fresh,Jul-22,July,2022,1426.55,0.89,21.51,Taraba ,715.89,Imo ,2600.55
1011,Catfish :dried,Jul-22,July,2022,2175.14,0.86,18.38,Adamawa ,1337.78,Ebonyi ,4082.79
1012,Catfish Smoked,Jul-22,July,2022,1789.8,0.41,12.36,Nassarawa ,1398.52,Abia ,2590.91
1013,Chicken Feet,Jul-22,July,2022,987.33,1.62,20.55,Gombe ,350.14,Enugu ,1740
1014,Chicken Wings,Jul-22,July,2022,1308.34,1.23,21.13,Gombe ,550.21,Edo ,2360
1015,Dried Fish Sardine,Jul-22,July,2022,1807.49,1.62,14.75,Ondo ,1230.19,Enugu ,2901.29
1016,Evaporated tinned milk carnation 170g,Jul-22,July,2022,232.44,2.66,26,Anambra ,126.77,Ebonyi ,305.22
1017,"Evaporated tinned milk(peak), 170g",Jul-22,July,2022,275.79,3.38,31.65,Gombe ,210.3,Enugu ,349.59
1018,Frozen chicken,Jul-22,July,2022,2488.83,1.42,21.43,Gombe ,1505.32,Enugu ,3837.33
1019,"Gari white,sold loose",Jul-22,July,2022,323.17,-2.82,-1.83,Adamawa ,243.28,Kaduna ,406.48
1020,"Gari yellow,sold loose",Jul-22,July,2022,345.76,-2.31,-0.56,Cross_River ,259.56,Lagos ,502.39
1021,"Groundnut oil: 1 bottle, specify bottle",Jul-22,July,2022,1078.17,1.44,40.24,Taraba ,581.02,Anambra ,1735.93
1022,Iced Sardine,Jul-22,July,2022,1420.81,1.85,22.38,Taraba ,1062.95,Edo ,2399.22
1023,Irish potato,Jul-22,July,2022,486.1,2.6,27.85,Kogi ,190.91,Ebonyi ,988.33
1024,Mackerel : frozen,Jul-22,July,2022,1495.85,2.47,24.49,Bauchi ,1011.15,Abia ,2375.34
1025,Maize grain white sold loose,Jul-22,July,2022,315.03,-2.87,14.22,Adamawa ,200.96,Lagos ,502.91
1026,Maize grain yellow sold loose,Jul-22,July,2022,316.56,-1.39,12.81,Adamawa ,201.9,Bayelsa ,490.61
1027,Mudfish (aro) fresh,Jul-22,July,2022,1327.68,-0.65,15.98,Adamawa ,725.44,Abuja ,2216.85
1028,Mudfish : dried,Jul-22,July,2022,2100.09,0.63,15.69,Adamawa ,1277.78,Abia ,3541.67
1029,Onion bulb,Jul-22,July,2022,396.96,0.92,23.25,Bauchi ,150.53,Cross_River ,886.9
1030,"Palm oil: 1 bottle,specify bottle",Jul-22,July,2022,890.67,2.27,40.19,Kwara ,526.19,Imo ,1205.8
1031,Plantain(ripe),Jul-22,July,2022,334.18,2.54,12.88,Bauchi ,183.33,Imo ,575.17
1032,Plantain(unripe),Jul-22,July,2022,309.24,2.08,11.34,Gombe ,192.48,Imo ,495.75
1033,Rice agric sold loose,Jul-22,July,2022,497.03,-2.55,7.5,Yobe ,415.44,Akwa_Ibom ,784
1034,Rice local sold loose,Jul-22,July,2022,467.8,-4.27,13.55,Jigawa ,363.34,Rivers ,619.62
1035,Rice Medium Grained,Jul-22,July,2022,520.37,1.65,14.12,Adamawa ,390.59,Rivers ,750.49
1036,"Rice,imported high quality sold loose",Jul-22,July,2022,650.04,2.17,17.59,Taraba ,500,Rivers ,855.84
1037,Sweet potato,Jul-22,July,2022,250.72,1.13,25.45,Bauchi ,151.4,Akwa_Ibom ,380.43
1038,Tilapia fish (epiya) fresh,Jul-22,July,2022,1194.4,0.42,17.4,Bauchi ,410.2,Abuja ,2355.73
1039,Titus:frozen,Jul-22,July,2022,1637.46,2.06,23.36,Gombe ,1011.15,Rivers ,2592.95
1040,Tomato,Jul-22,July,2022,446.81,1.94,7.71,Taraba ,159.14,Edo ,799.16
1041,"Vegetable oil:1 bottle,specify bottle",Jul-22,July,2022,1041.58,2.29,40.88,Bauchi ,605.32,Abia ,1457.78
1042,Wheat flour: prepacked (golden penny 2kg),Jul-22,July,2022,1094.72,0.7,31.8,Yobe ,800.9,Abia ,1400
1043,Yam tuber,Jul-22,July,2022,389.75,1.37,26.25,Taraba ,145.75,Akwa_Ibom ,810.17
1001,Agric eggs medium size,Aug-22,August,2022,733.58,1.68,25.26,Borno ,502.86,Rivers ,960.5
1002,Agric eggs(medium size price of one),Aug-22,August,2022,73.32,3.21,37.81,Adamawa ,60.08,Edo ,84.39
1003,"Beans brown,sold loose",Aug-22,August,2022,545.61,-3.01,10,Borno ,325.38,Ebonyi ,838.1
1004,Beans:white black eye. sold loose,Aug-22,August,2022,517.23,-5.51,12.94,Borno ,318.33,Ebonyi ,823.35
1005,Beef Bone in,Aug-22,August,2022,1610.31,1.33,26.38,Taraba ,1275.76,Kaduna ,1975.92
1006,"Beef,boneless",Aug-22,August,2022,2141.18,1.05,25.89,Kogi ,1506.4,Edo ,2710.97
1007,Bread sliced 500g,Aug-22,August,2022,488.14,0.38,33.12,Plateau ,300,Abia ,680.33
1008,Bread unsliced 500g,Aug-22,August,2022,454.07,1.55,32.47,Akwa Ibom ,275.06,Abuja ,700
1009,Broken Rice (Ofada),Aug-22,August,2022,521.08,-2.75,9.15,Benue ,300,Lagos ,800.17
1010,Catfish (obokun) fresh,Aug-22,August,2022,1436.69,0.71,19.27,Taraba ,708.32,Imo ,2650.25
1011,Catfish :dried,Aug-22,August,2022,2169.89,-0.24,16.1,Adamawa ,1340.2,Ebonyi ,4000
1012,Catfish Smoked,Aug-22,August,2022,1797.25,0.42,12.06,Nasarawa ,1400,Abia ,2588.26
1013,Chicken Feet,Aug-22,August,2022,997.84,1.06,20.2,Gombe ,350.5,Enugu ,1755.16
1014,Chicken Wings,Aug-22,August,2022,1330.28,1.68,19.88,Taraba ,545.88,Edo ,2360.47
1015,Dried Fish Sardine,Aug-22,August,2022,1816.81,0.52,14.04,Ondo ,1235.21,Anambra ,2899.16
1016,Evaporated tinned milk carnation 170g,Aug-22,August,2022,240.07,3.28,28.01,Anambra ,130,Osun ,350
1017,"Evaporated tinned milk(peak), 170g",Aug-22,August,2022,283.42,2.76,33,Gombe ,214.29,Oyo ,350.41
1018,Frozen chicken,Aug-22,August,2022,2531.52,1.72,21.05,Gombe ,1509.15,Enugu ,3916.67
1019,"Gari white,sold loose",Aug-22,August,2022,305.92,-5.34,-3.68,Osun ,237.75,Kaduna ,425.86
1020,"Gari yellow,sold loose",Aug-22,August,2022,341.37,-1.27,-0.13,Osun ,245.14,Lagos ,500.6
1021,"Groundnut oil: 1 bottle, specify bottle",Aug-22,August,2022,1087.64,0.88,33.83,Kogi ,594.89,Anambra ,1743.25
1022,Iced Sardine,Aug-22,August,2022,1438.68,1.26,20.38,Taraba ,1100.13,Edo ,2399.7
1023,Irish potato,Aug-22,August,2022,482.02,-0.84,31.47,Kogi ,192.67,Ebonyi ,1000
1024,Mackerel : frozen,Aug-22,August,2022,1506.99,0.75,20.57,Bauchi ,1058.16,Abia ,2390.64
1025,Maize grain white sold loose,Aug-22,August,2022,299.42,-4.95,10.57,Benue ,200.7,Lagos ,500.01
1026,Maize grain yellow sold loose,Aug-22,August,2022,306.96,-3.03,11.51,Adamawa ,207.9,Bayelsa ,491.71
1027,Mudfish (aro) fresh,Aug-22,August,2022,1344.18,1.24,14.32,Bauchi ,741.16,Abuja ,2219
1028,Mudfish : dried,Aug-22,August,2022,2113.21,0.63,15.24,Adamawa ,1275.38,Abia ,3785.88
1029,Onion bulb,Aug-22,August,2022,435.38,9.68,43.75,Yobe ,171.72,Adamawa ,1733.33
1030,"Palm oil: 1 bottle,specify bottle",Aug-22,August,2022,896.63,0.67,34.08,Kwara ,530.28,Imo ,1232.18
1031,Plantain(ripe),Aug-22,August,2022,334.92,0.22,15.11,Gombe ,181.82,Imo ,555
1032,Plantain(unripe),Aug-22,August,2022,311.82,0.83,15.19,Gombe ,190.66,Anambra ,466.77
1033,Rice agric sold loose,Aug-22,August,2022,535.36,1.73,14.2,Kebbi ,425.1,Akwa Ibom ,784.16
1034,Rice local sold loose,Aug-22,August,2022,454.1,-2.93,10.76,Jigawa ,362.37,Rivers ,619.75
1035,Rice Medium Grained,Aug-22,August,2022,520.18,-0.04,13,Kebbi ,361.05,Rivers ,750.64
1036,"Rice,imported high quality sold loose",Aug-22,August,2022,654.26,0.65,19.67,Taraba ,506.67,Rivers ,856.01
1037,Sweet potato,Aug-22,August,2022,248.55,-0.86,26.9,Nasarawa ,150.21,Akwa Ibom ,380.51
1038,Tilapia fish (epiya) fresh,Aug-22,August,2022,1193.48,-0.08,13.49,Bauchi ,400.2,Abuja ,2357.57
1039,Titus:frozen,Aug-22,August,2022,1648.75,0.69,19.86,Gombe ,1072.73,Rivers ,2593.47
1040,Tomato,Aug-22,August,2022,430.93,-3.56,8.71,Abuja ,50.75,Edo ,799.31
1041,"Vegetable oil:1 bottle,specify bottle",Aug-22,August,2022,1049.49,0.76,36.39,Bauchi ,610.12,Abia ,1455.71
1042,Wheat flour: prepacked (golden penny 2kg),Aug-22,August,2022,1106.76,1.1,27.27,Yobe ,812.58,Abia ,1403.64
1043,Yam tuber,Aug-22,August,2022,403.63,3.56,32.13,Taraba ,153.27,Akwa Ibom ,810.33
1001,Agric eggs medium size,Sep-22,September,2022,752.37,2.56,24.36,Kogi ,526.15,Rivers ,975
1002,Agric eggs(medium size price of one),Sep-22,September,2022,75.07,2.39,37.43,Akwa Ibom ,65.61,Delta ,85.12
1003,"Beans brown,sold loose",Sep-22,September,2022,556.81,2.05,13.14,Borno ,368.21,Ebonyi ,857.02
1004,Beans:white black eye. sold loose,Sep-22,September,2022,543.15,5.01,17.67,Benue ,358.73,Enugu ,784.71
1005,Beef Bone in,Sep-22,September,2022,1651.2,2.54,25.02,Taraba ,1347.42,Ogun ,2103.93
1006,"Beef,boneless",Sep-22,September,2022,2199.37,2.72,24.39,Kogi ,1543.7,Edo ,2721.81
1007,Bread sliced 500g,Sep-22,September,2022,511.74,4.83,33.01,Plateau ,300.2,Abuja ,700
1008,Bread unsliced 500g,Sep-22,September,2022,477.58,5.18,35.7,Akwa Ibom ,276.16,Abuja ,702.33
1009,Broken Rice (Ofada),Sep-22,September,2022,538.98,3.43,13.77,Benue ,400,Lagos ,811.35
1010,Catfish (obokun) fresh,Sep-22,September,2022,1458.6,1.52,18.37,Gombe ,777.15,Imo ,2766.67
1011,Catfish :dried,Sep-22,September,2022,2190.57,0.95,16.53,Kogi ,1399,Ebonyi ,3953.37
1012,Catfish Smoked,Sep-22,September,2022,1826.49,1.63,14.21,Kogi ,1410,Abia ,2596
1013,Chicken Feet,Sep-22,September,2022,1020.03,2.22,20.01,Taraba ,370.72,Enugu ,1756.74
1014,Chicken Wings,Sep-22,September,2022,1338.82,0.64,18.9,Taraba ,560.39,Edo ,2369.91
1015,Dried Fish Sardine,Sep-22,September,2022,1853.58,2.02,16.12,Ondo ,1231.35,Enugu ,2963.04
1016,Evaporated tinned milk carnation 170g,Sep-22,September,2022,248.94,3.69,32.9,Anambra ,130.08,Oyo ,320
1017,"Evaporated tinned milk(peak), 170g",Sep-22,September,2022,295.29,4.19,36.26,Plateau ,230,Oyo ,355.56
1018,Frozen chicken,Sep-22,September,2022,2556.12,0.97,21.15,Gombe ,1600.36,Enugu ,3983.33
1019,"Gari white,sold loose",Sep-22,September,2022,309.69,1.23,2.69,Osun ,237.71,Jigawa ,374.83
1020,"Gari yellow,sold loose",Sep-22,September,2022,345.17,1.11,7.05,Osun ,229.12,Lagos ,459.17
1021,"Groundnut oil: 1 bottle, specify bottle",Sep-22,September,2022,1113.33,2.36,31.84,Kogi ,600,Anambra ,1744.82
1022,Iced Sardine,Sep-22,September,2022,1483.66,3.13,22.75,Plateau ,1130,Edo ,2409.3
1023,Irish potato,Sep-22,September,2022,484.33,0.48,35.05,Kogi ,195.19,Ebonyi ,952.01
1024,Mackerel : frozen,Sep-22,September,2022,1538.17,2.07,20.1,Benue ,1097.22,Abia ,2408.59
1025,Maize grain white sold loose,Sep-22,September,2022,302,0.86,14.14,Benue ,210.34,Bayelsa ,499.52
1026,Maize grain yellow sold loose,Sep-22,September,2022,305.22,-0.57,14.33,Katsina ,192.84,Bayelsa ,493.18
1027,Mudfish (aro) fresh,Sep-22,September,2022,1362.96,1.4,14.35,Bauchi ,740.4,Abuja ,2230
1028,Mudfish : dried,Sep-22,September,2022,2158.12,2.13,16.99,Adamawa ,1325.35,Abia ,3801.57
1029,Onion bulb,Sep-22,September,2022,397.18,-8.77,32.86,Benue ,176.66,Cross River ,888.85
1030,"Palm oil: 1 bottle,specify bottle",Sep-22,September,2022,927.34,3.42,30.7,Kwara ,541.11,Imo ,1222.86
1031,Plantain(ripe),Sep-22,September,2022,345.9,3.28,21.41,Yobe ,199.43,Imo ,521.24
1032,Plantain(unripe),Sep-22,September,2022,323.38,3.71,26.21,Yobe ,202.91,Anambra ,459.15
1033,Rice agric sold loose,Sep-22,September,2022,552.46,3.19,19.31,Kebbi ,430,Akwa_Ibom ,787.29
1034,Rice local sold loose,Sep-22,September,2022,471.42,3.82,14.98,Jigawa ,371,Rivers ,621.61
1035,Rice Medium Grained,Sep-22,September,2022,532.42,2.35,17.2,Kebbi ,370,Rivers ,752.89
1036,"Rice,imported high quality sold loose",Sep-22,September,2022,668.53,2.18,22.27,Plateau ,535.78,Rivers ,858.58
1037,Sweet potato,Sep-22,September,2022,255.24,2.69,32.89,Benue ,142.84,Lagos ,393.53
1038,Tilapia fish (epiya) fresh,Sep-22,September,2022,1216.74,1.95,13.98,Adamawa ,428.24,Abuja ,2360.27
1039,Titus:frozen,Sep-22,September,2022,1671.45,1.38,17.18,Ondo ,1095.81,Rivers ,2601.25
1040,Tomato,Sep-22,September,2022,445.12,3.29,30.06,Taraba ,157.22,Edo ,802.51
1041,"Vegetable oil:1 bottle,specify bottle",Sep-22,September,2022,1075.89,2.52,32.35,Benue ,643.64,Abia ,1464.44
1042,Wheat flour: prepacked (golden penny 2kg),Sep-22,September,2022,1121.28,1.31,22.96,Kwara ,855,Abia ,1411.67
1043,Yam tuber,Sep-22,September,2022,409.23,1.39,33.35,Benue ,165.83,Akwa Ibom ,813.58
1001,Agric eggs medium size,Oct-22,October,2022,775.14,3.03,26.06,Kogi ,532.29,Rivers ,990.48
1002,Agric eggs(medium size price of one),Oct-22,October,2022,77.64,3.43,39.92,Akwa_Ibom ,70.67,Bayelsa ,89.52
1003,"Beans brown,sold loose",Oct-22,October,2022,564.69,1.41,17.95,Plateau ,360.03,Ebonyi ,848.74
1004,Beans:white black eye. sold loose,Oct-22,October,2022,547.39,0.78,17.78,Benue ,363.42,Imo ,775.77
1005,Beef Bone in,Oct-22,October,2022,1696.58,2.75,26.63,Osun ,1350.09,Sokoto ,2172.02
1006,"Beef,boneless",Oct-22,October,2022,2266.24,3.04,28.12,Kogi ,1551.52,Imo ,2819.44
1007,Bread sliced 500g,Oct-22,October,2022,523.16,2.23,36.68,Plateau ,310,Abuja ,705
1008,Bread unsliced 500g,Oct-22,October,2022,482.47,1.02,34.17,Akwa_Ibom ,270.47,Abuja ,700.33
1009,Broken Rice (Ofada),Oct-22,October,2022,538.19,-0.15,13.18,Benue ,410.81,Lagos ,821.37
1010,Catfish (obokun) fresh,Oct-22,October,2022,1480.34,1.49,19.14,Gombe ,811.11,Imo ,2774
1011,Catfish :dried,Oct-22,October,2022,2224.28,1.54,17.54,Kogi ,1400,Anambra ,4002.17
1012,Catfish Smoked,Oct-22,October,2022,1820.82,-0.31,12.31,Kogi ,1450,Enugu ,2535.53
1013,Chicken Feet,Oct-22,October,2022,1029.95,0.97,19.66,Taraba ,374.26,Enugu ,1812.12
1014,Chicken Wings,Oct-22,October,2022,1348.07,0.69,17.84,Taraba ,566.18,Edo ,2405.72
1015,Dried Fish Sardine,Oct-22,October,2022,1836.31,-0.93,14.47,Ondo ,1298.35,Enugu ,2975
1016,Evaporated tinned milk carnation 170g,Oct-22,October,2022,265.87,6.8,40.1,Plateau ,180,Ebonyi ,335
1017,"Evaporated tinned milk(peak), 170g",Oct-22,October,2022,314.29,6.43,44.49,Bauchi ,248.47,Lagos ,368.82
1018,Frozen chicken,Oct-22,October,2022,2601,1.76,22.17,Taraba ,1625.78,Enugu ,3931.16
1019,"Gari white,sold loose",Oct-22,October,2022,317.9,2.65,8.66,Osun ,240.54,Enugu ,427.33
1020,"Gari yellow,sold loose",Oct-22,October,2022,355.77,3.07,10.63,Osun ,232.89,Lagos ,464.23
1021,"Groundnut oil: 1 bottle, specify bottle",Oct-22,October,2022,1159.34,4.13,36.02,Kogi ,620.67,Anambra ,1800
1022,Iced Sardine,Oct-22,October,2022,1495.29,0.78,23.68,Kogi ,1140.67,Edo ,2445.62
1023,Irish potato,Oct-22,October,2022,508.13,4.91,38.13,Kogi ,200.06,Delta ,976.11
1024,Mackerel : frozen,Oct-22,October,2022,1537.04,-0.07,19.63,Kwara ,1026.1,Imo ,2396.56
1025,Maize grain white sold loose,Oct-22,October,2022,304.55,0.85,14.39,Kano ,215.7,Cross_River ,455.79
1026,Maize grain yellow sold loose,Oct-22,October,2022,307.62,0.78,15.02,Katsina ,203.56,Akwa_Ibom ,459.23
1027,Mudfish (aro) fresh,Oct-22,October,2022,1358.46,-0.33,14.24,Bauchi ,751.11,Abuja ,2200
1028,Mudfish : dried,Oct-22,October,2022,2161.14,0.14,16.75,Kebbi ,1388.31,Abia ,3717.97
1029,Onion bulb,Oct-22,October,2022,405.72,2.15,32.56,Benue ,180.34,Cross_River ,980.62
1030,"Palm oil: 1 bottle,specify bottle",Oct-22,October,2022,968.76,4.47,33.22,Benue ,625.78,Delta ,1291.67
1031,Plantain(ripe),Oct-22,October,2022,357.2,3.27,24.08,Taraba ,187.5,Bayelsa ,572.78
1032,Plantain(unripe),Oct-22,October,2022,333.79,3.22,27.6,Taraba ,200.3,Bayelsa ,521.24
1033,Rice agric sold loose,Oct-22,October,2022,561.55,1.65,20.6,Kebbi ,443.56,Akwa_Ibom ,796.74
1034,Rice local sold loose,Oct-22,October,2022,487.47,3.4,17.45,Jigawa ,381.54,Rivers ,630.66
1035,Rice Medium Grained,Oct-22,October,2022,547.11,2.76,18.07,Kebbi ,382.95,Rivers ,765.7
1036,"Rice,imported high quality sold loose",Oct-22,October,2022,689.32,3.11,24.6,Plateau ,540.79,Rivers ,873.61
1037,Sweet potato,Oct-22,October,2022,264.14,3.49,37.48,Benue ,140.18,Lagos ,396.23
1038,Tilapia fish (epiya) fresh,Oct-22,October,2022,1224.79,0.66,13.94,Adamawa ,417.18,Abuja ,2370.33
1039,Titus:frozen,Oct-22,October,2022,1659.22,-0.73,16.47,Kwara ,950,Rivers ,2660.88
1040,Tomato,Oct-22,October,2022,454.46,2.1,30.79,Taraba ,166.67,Delta ,824.55
1041,"Vegetable oil:1 bottle,specify bottle",Oct-22,October,2022,1106.08,2.81,33.99,Benue ,650.89,Abia ,1484.31
1042,Wheat flour: prepacked (golden penny 2kg),Oct-22,October,2022,1144.47,2.07,25.39,Kwara ,860,Imo ,1441.67
1043,Yam tuber,Oct-22,October,2022,409.86,0.15,30.92,Benue ,170.26,Akwa_Ibom ,825.34
1001,Agric eggs medium size,Nov-22,November,2022,801.39,3.39,27.24,Edo ,995.56,Kogi ,564.41
1002,Agric eggs(medium size price of one),Nov-22,November,2022,80.95,4.26,41.15,Bayelsa ,99.09,Akwa Ibom ,70.88
1003,"Beans brown,sold loose",Nov-22,November,2022,578.55,2.45,18.16,Ebonyi ,868.33,Kebbi ,365.71
1004,Beans:white black eye. sold loose,Nov-22,November,2022,557.67,1.88,16.97,Ebonyi ,780.68,Benue ,372.24
1005,Beef Bone in,Nov-22,November,2022,1757.44,3.59,28.63,Sokoto ,2155,Osun ,1356.24
1006,"Beef,boneless",Nov-22,November,2022,2337.46,3.14,29,Abia ,2898.76,Kogi ,1617.73
1007,Bread sliced 500g,Nov-22,November,2022,529.07,1.13,30.89,Abia ,710,Plateau ,328.6
1008,Bread unsliced 500g,Nov-22,November,2022,492.01,1.98,34.26,Abuja ,700.25,Akwa Ibom ,271.28
1009,Broken Rice (Ofada),Nov-22,November,2022,549.67,2.13,14.36,Lagos ,829.03,Benue ,416.9
1010,Catfish (obokun) fresh,Nov-22,November,2022,1514.27,2.29,18.62,Imo ,2750,Kogi ,823.33
1011,Catfish :dried,Nov-22,November,2022,2311.15,3.91,18.74,Anambra ,4168.33,Taraba ,1419.18
1012,Catfish Smoked,Nov-22,November,2022,1871.43,2.78,12.42,Ogun ,2714.29,Benue ,1457.55
1013,Chicken Feet,Nov-22,November,2022,1050.73,2.02,19.03,Enugu ,1850,Taraba ,377.96
1014,Chicken Wings,Nov-22,November,2022,1366.61,1.38,15.83,Edo ,2411.5,Taraba ,571.79
1015,Dried Fish Sardine,Nov-22,November,2022,1884.64,2.63,15.33,Enugu ,3069.98,Ondo ,1393.62
1016,Evaporated tinned milk carnation 170g,Nov-22,November,2022,273.78,2.97,39.9,Ogun ,370,Plateau ,190.8
1017,"Evaporated tinned milk(peak), 170g",Nov-22,November,2022,327.26,4.13,40.64,Anambra ,394.55,Bauchi ,259.16
1018,Frozen chicken,Nov-22,November,2022,2651.94,1.96,22.35,Enugu ,4066.67,Taraba ,1641.88
1019,"Gari white,sold loose",Nov-22,November,2022,325.82,2.49,7.79,Enugu ,439.23,Osun ,253.7
1020,"Gari yellow,sold loose",Nov-22,November,2022,360.11,1.22,9.39,Lagos ,473.74,Osun ,238.19
1021,"Groundnut oil: 1 bottle, specify bottle",Nov-22,November,2022,1199.39,3.45,35.15,Ebonyi ,2000,Kogi ,693.15
1022,Iced Sardine,Nov-22,November,2022,1581.43,5.76,27.91,Cross River ,2712.19,Osun ,1200.45
1023,Irish potato,Nov-22,November,2022,531.25,4.55,31.6,Lagos ,1047.28,Kogi ,200.86
1024,Mackerel : frozen,Nov-22,November,2022,1570.68,2.19,19.33,Imo ,2452.49,Benue ,1111.76
1025,Maize grain white sold loose,Nov-22,November,2022,317.86,4.37,16.68,Cross River ,562.49,Jigawa ,220.66
1026,Maize grain yellow sold loose,Nov-22,November,2022,317.7,3.28,16.14,Cross River ,461.09,Katsina ,216.77
1027,Mudfish (aro) fresh,Nov-22,November,2022,1377.46,1.4,12.96,Abuja ,2269.64,Bauchi ,783.41
1028,Mudfish : dried,Nov-22,November,2022,2205.07,2.03,16.17,Abia ,3718.41,Kebbi ,1350
1029,Onion bulb,Nov-22,November,2022,425.71,4.93,26.15,Cross River ,989.49,Taraba ,194.64
1030,"Palm oil: 1 bottle,specify bottle",Nov-22,November,2022,1006.64,3.91,29.87,Delta ,1299.86,Kwara ,682.71
1031,Plantain(ripe),Nov-22,November,2022,368.88,3.27,29.68,Imo ,603.68,Taraba ,189.36
1032,Plantain(unripe),Nov-22,November,2022,340.78,2.09,30.71,Bayelsa ,528.37,Taraba ,202.28
1033,Rice agric sold loose,Nov-22,November,2022,575.75,2.53,22.62,Akwa Ibom ,799.13,Kebbi ,446.66
1034,Rice local sold loose,Nov-22,November,2022,500.8,2.73,18.95,Rivers ,632.05,Jigawa ,378.81
1035,Rice Medium Grained,Nov-22,November,2022,561.12,2.56,17.72,Rivers ,767.39,Kogi ,426.91
1036,"Rice,imported high quality sold loose",Nov-22,November,2022,704.13,2.15,23.8,Rivers ,875.53,Plateau ,573.24
1037,Sweet potato,Nov-22,November,2022,264.9,0.29,31.5,Lagos ,406.08,Benue ,147.95
1038,Tilapia fish (epiya) fresh,Nov-22,November,2022,1238.93,1.15,12.49,Abuja ,2250.62,Adamawa ,430.28
1039,Titus:frozen,Nov-22,November,2022,1694.26,2.11,16.3,Rivers ,2666.73,Kwara ,1053.78
1040,Tomato,Nov-22,November,2022,455.13,0.15,29.98,Delta ,831.09,Taraba ,168.32
1041,"Vegetable oil:1 bottle,specify bottle",Nov-22,November,2022,1142.99,3.34,30.41,Ekiti ,1584.31,Kwara ,693.08
1042,Wheat flour: prepacked (golden penny 2kg),Nov-22,November,2022,1189.74,3.96,25.16,Imo ,1486.36,Kwara ,950
1043,Yam tuber,Nov-22,November,2022,421.08,2.74,29.25,Akwa Ibom ,827.81,Benue ,172.47
1001,Agric eggs medium size,Dec-22,December,2022,825.08,2.96,29.9,Imo ,1033.57,Kogi ,567.27
1002,Agric eggs(medium size price of one),Dec-22,December,2022,83.51,3.15,44.42,Rivers ,96.15,Kano ,73
1003,"Beans brown,sold loose",Dec-22,December,2022,586.14,1.31,18.45,Ebonyi ,901.74,Kebbi ,368.56
1004,Beans:white black eye. sold loose,Dec-22,December,2022,568.34,1.91,18.21,Ebonyi ,805.9,Benue ,389.11
1005,Beef Bone in,Dec-22,December,2022,1795.01,2.14,29.51,Sokoto ,2250,Osun ,1360.85
1006,"Beef,boneless",Dec-22,December,2022,2377.29,1.7,28.75,Abia ,2989.29,Kogi ,1626.08
1007,Bread sliced 500g,Dec-22,December,2022,537.89,1.67,31.85,Abia ,730.78,Plateau ,335
1008,Bread unsliced 500g,Dec-22,December,2022,496.35,0.88,33.41,Abuja ,705,Akwa Ibom ,275.94
1009,Broken Rice (Ofada),Dec-22,December,2022,560.7,2.01,16.76,Lagos ,830.9,Benue ,423.33
1010,Catfish (obokun) fresh,Dec-22,December,2022,1534.5,1.34,19.48,Imo ,2872,Kogi ,830
1011,Catfish :dried,Dec-22,December,2022,2311.53,0.02,17.12,Anambra ,4375,Taraba ,1425.68
1012,Catfish Smoked,Dec-22,December,2022,1897.87,1.41,13.42,Ogun ,2717.14,Benue ,1462
1013,Chicken Feet,Dec-22,December,2022,1073.41,2.16,21.44,Enugu ,2075,Taraba ,381
1014,Chicken Wings,Dec-22,December,2022,1382.31,1.15,15.43,Edo ,2480.19,Taraba ,575
1015,Dried Fish Sardine,Dec-22,December,2022,1910.16,1.35,15.94,Anambra ,3326.24,Ondo ,1394.49
1016,Evaporated tinned milk carnation 170g,Dec-22,December,2022,281.35,2.76,41.16,Ogun ,371,Plateau ,200.28
1017,"Evaporated tinned milk(peak), 170g",Dec-22,December,2022,340.01,3.9,44.81,Anambra ,400,Bauchi ,268.57
1018,Frozen chicken,Dec-22,December,2022,2694.6,1.61,19.4,Enugu ,4285.71,Taraba ,1645
1019,"Gari white,sold loose",Dec-22,December,2022,332.95,2.19,11.16,Enugu ,449,Osun ,260.28
1020,"Gari yellow,sold loose",Dec-22,December,2022,368.24,2.26,11.43,Lagos ,474.54,Osun ,240.49
1021,"Groundnut oil: 1 bottle, specify bottle",Dec-22,December,2022,1225.46,2.17,32.67,Ebonyi ,2095,Kogi ,696.67
1022,Iced Sardine,Dec-22,December,2022,1590.4,0.57,27.23,Imo ,2795.77,Osun ,1210.82
1023,Irish potato,Dec-22,December,2022,541.57,1.94,30.55,Ebonyi ,1055.07,Kogi ,200
1024,Mackerel : frozen,Dec-22,December,2022,1597.67,1.72,20.83,Ebonyi ,2544.44,Benue ,1118
1025,Maize grain white sold loose,Dec-22,December,2022,323.64,1.82,17.63,Cross River ,471.28,Benue ,230.08
1026,Maize grain yellow sold loose,Dec-22,December,2022,329.05,3.57,19.92,Akwa Ibom ,478.3,Zamfara ,238.11
1027,Mudfish (aro) fresh,Dec-22,December,2022,1400.74,1.69,12.61,Abuja ,2284,Bauchi ,786.67
1028,Mudfish : dried,Dec-22,December,2022,2239.16,1.55,16.15,Abia ,3835.23,Kebbi ,1381.55
1029,Onion bulb,Dec-22,December,2022,435.93,2.4,25.64,Cross River ,1013.96,Kogi ,198.12
1030,"Palm oil: 1 bottle,specify bottle",Dec-22,December,2022,1024.13,1.74,28.73,Delta ,1333.13,Kwara ,689.55
1031,Plantain(ripe),Dec-22,December,2022,376.24,1.99,31.73,Imo ,690.08,Taraba ,190.21
1032,Plantain(unripe),Dec-22,December,2022,347.68,2.03,33.13,Bayelsa ,539.48,Taraba ,206.36
1033,Rice agric sold loose,Dec-22,December,2022,586.72,1.91,23.15,Akwa Ibom ,804.63,Kebbi ,447.19
1034,Rice local sold loose,Dec-22,December,2022,506.17,1.07,19.21,Rivers ,655.92,Jigawa ,386.01
1035,Rice Medium Grained,Dec-22,December,2022,569.46,1.49,19.38,Rivers ,795.73,Kogi ,429
1036,"Rice,imported high quality sold loose",Dec-22,December,2022,724.41,2.88,26.73,Rivers ,915.45,Plateau ,591.97
1037,Sweet potato,Dec-22,December,2022,269.23,1.63,25.55,Lagos ,407.57,Benue ,150.9
1038,Tilapia fish (epiya) fresh,Dec-22,December,2022,1255.88,1.37,12.45,Abuja ,2300,Adamawa ,433.33
1039,Titus:frozen,Dec-22,December,2022,1725.08,1.82,17.87,Rivers ,2756.81,Kwara ,1066.67
1040,Tomato,Dec-22,December,2022,458.42,0.72,28.4,Delta ,851.02,Taraba ,170
1041,"Vegetable oil:1 bottle,specify bottle",Dec-22,December,2022,1161.76,1.64,29.6,Imo ,1597.22,Benue ,702.78
1042,Wheat flour: prepacked (golden penny 2kg),Dec-22,December,2022,1203.88,1.19,24.44,Imo ,1495.67,Kogi ,977
1043,Yam tuber,Dec-22,December,2022,425.48,1.04,29.42,Akwa Ibom ,850.23,Benue ,180.76
